{
  "last_restart_at": 1774853896.321759,
  "last_seen_iteration": 88,
  "last_seen_status": "pivot",
  "last_progress_at": 1774853896.2287755
}